model,domain,question,n,acc,acc_lo,acc_hi,ece,ece_lo,ece_hi,brier,nll,base_gap,mean_conf,auroc,cov_acc_50,lat_p50_ms
neohorse,ALL,ALL,284,0.8451,0.8028,0.8873,0.0691,0.0492,0.1115,nan,nan,0.0548,0.8999,nan,1.0,81.5
neohorse,ALL,escalate,40,0.55,0.375,0.7,0.2801,0.1785,0.4332,0.5518,0.787,0.2357,0.7857,0.6823,0.75,94.0
neohorse,ALL,route,204,0.951,0.9216,0.9755,0.0388,0.0259,0.073,nan,nan,0.0078,0.9588,nan,1.0,81.1
neohorse,ALL,scam,15,0.7333,0.5333,0.9333,0.2206,0.1131,0.4428,0.3743,0.5623,0.0821,0.8154,0.7679,0.875,71.6
neohorse,ALL,urgency,25,0.52,0.32,0.72,0.1722,0.1173,0.3986,0.5564,0.8442,0.1331,0.6531,0.8329,0.5833,95.8
neohorse,content_moderation,escalate,15,0.5333,0.2667,0.8,0.2547,0.1402,0.5154,0.5744,0.8277,0.2355,0.7688,0.5714,0.75,71.6
neohorse,content_moderation,scam,15,0.7333,0.5333,0.9333,0.2206,0.1131,0.4428,0.3743,0.5623,0.0821,0.8154,0.7679,0.875,71.6
neohorse,ecommerce_cs,escalate,25,0.56,0.36,0.72,0.3376,0.199,0.4946,0.5383,0.7626,0.2358,0.7958,0.8542,0.75,95.8
neohorse,ecommerce_cs,route,25,0.96,0.88,1.0,0.0683,0.0225,0.1575,0.085,0.1495,0.0138,0.9462,0.9908,1.0,95.8
neohorse,ecommerce_cs,urgency,25,0.52,0.32,0.72,0.1722,0.1173,0.3986,0.5564,0.8442,0.1331,0.6531,0.8329,0.5833,95.8
neohorse,voice_assistant_routing,route,179,0.9497,0.9162,0.9777,0.0394,0.025,0.0728,0.0841,0.141,0.0108,0.9605,0.9982,1.0,80.9