item_id,domain,question,flipped,max_prob_range,tv_mean
mass_0030,voice_assistant_routing,route,1,0.3075,0.2730
mass_0146,voice_assistant_routing,route,0,0.0026,0.0010
mass_0029,voice_assistant_routing,route,0,0.4115,0.2429
mass_0008,voice_assistant_routing,route,1,0.5516,0.3947
mass_0148,voice_assistant_routing,route,0,0.0004,0.0003
mass_0122,voice_assistant_routing,route,0,0.0000,0.0000
mass_0168,voice_assistant_routing,route,0,0.2230,0.0996
mass_0092,voice_assistant_routing,route,0,0.0010,0.0006
mass_0173,voice_assistant_routing,route,0,0.0059,0.0035
mass_0028,voice_assistant_routing,route,0,0.0057,0.0028
mass_0061,voice_assistant_routing,route,0,0.2706,0.1587
mass_0106,voice_assistant_routing,route,0,0.0065,0.0042
mass_0078,voice_assistant_routing,route,0,0.0005,0.0002
mass_0163,voice_assistant_routing,route,0,0.0012,0.0006
mass_0107,voice_assistant_routing,route,0,0.0006,0.0002
mass_0165,voice_assistant_routing,route,0,0.3457,0.1628
mass_0101,voice_assistant_routing,route,0,0.0001,0.0001
mass_0162,voice_assistant_routing,route,0,0.0012,0.0007
mass_0059,voice_assistant_routing,route,0,0.0000,0.0000
mass_0052,voice_assistant_routing,route,0,0.0000,0.0000
mass_0017,voice_assistant_routing,route,0,0.0771,0.0356
mass_0151,voice_assistant_routing,route,0,0.0212,0.0103
mass_0076,voice_assistant_routing,route,0,0.1615,0.1235
mass_0064,voice_assistant_routing,route,0,0.0045,0.0023
mass_0156,voice_assistant_routing,route,0,0.0009,0.0004
mass_0050,voice_assistant_routing,route,0,0.0000,0.0000
mass_0035,voice_assistant_routing,route,0,0.0000,0.0000
mass_0001,voice_assistant_routing,route,0,0.0073,0.0035
mass_0007,voice_assistant_routing,route,0,0.0926,0.0465
mass_0149,voice_assistant_routing,route,0,0.0000,0.0000
mass_0115,voice_assistant_routing,route,0,0.0025,0.0011
mass_0130,voice_assistant_routing,route,0,0.0000,0.0000
mass_0066,voice_assistant_routing,route,0,0.0011,0.0006
mass_0105,voice_assistant_routing,route,0,0.0007,0.0004
mass_0044,voice_assistant_routing,route,1,0.6456,0.4457
mass_0048,voice_assistant_routing,route,0,0.0000,0.0000
mass_0109,voice_assistant_routing,route,0,0.0438,0.0189
mass_0104,voice_assistant_routing,route,0,0.0158,0.0069
mass_0174,voice_assistant_routing,route,0,0.0162,0.0074
mass_0057,voice_assistant_routing,route,0,0.0017,0.0007
mass_0137,voice_assistant_routing,route,0,0.0000,0.0000
mass_0113,voice_assistant_routing,route,0,0.0168,0.0094
mass_0145,voice_assistant_routing,route,1,0.4812,0.3924
mass_0003,voice_assistant_routing,route,1,0.1025,0.1825
mass_0022,voice_assistant_routing,route,1,0.2609,0.3103
mass_0051,voice_assistant_routing,route,0,0.0005,0.0002
mass_0020,voice_assistant_routing,route,1,0.4286,0.3146
mass_0132,voice_assistant_routing,route,0,0.0013,0.0006
mass_0037,voice_assistant_routing,route,0,0.0006,0.0003
mass_0103,voice_assistant_routing,route,0,0.0028,0.0016
mass_0087,voice_assistant_routing,route,0,0.0019,0.0011
mass_0097,voice_assistant_routing,route,0,0.0180,0.0088
mass_0176,voice_assistant_routing,route,0,0.0090,0.0042
mass_0080,voice_assistant_routing,route,0,0.0005,0.0002
mass_0141,voice_assistant_routing,route,0,0.0005,0.0002
mass_0025,voice_assistant_routing,route,1,0.3399,0.2110
mass_0065,voice_assistant_routing,route,0,0.0059,0.0029
mass_0081,voice_assistant_routing,route,0,0.0025,0.0011
mass_0079,voice_assistant_routing,route,0,0.0006,0.0004
mass_0062,voice_assistant_routing,route,0,0.0027,0.0013
mass_0143,voice_assistant_routing,route,0,0.0078,0.0042
mass_0072,voice_assistant_routing,route,0,0.0016,0.0007
mass_0098,voice_assistant_routing,route,0,0.0015,0.0009
mass_0088,voice_assistant_routing,route,0,0.0064,0.0032
mass_0049,voice_assistant_routing,route,0,0.0000,0.0000
mass_0071,voice_assistant_routing,route,0,0.0001,0.0000
mass_0058,voice_assistant_routing,route,0,0.0000,0.0000
mass_0033,voice_assistant_routing,route,0,0.0000,0.0000
mass_0102,voice_assistant_routing,route,0,0.0102,0.0046
mass_0124,voice_assistant_routing,route,0,0.0001,0.0000
mass_0074,voice_assistant_routing,route,0,0.3034,0.1724
mass_0043,voice_assistant_routing,route,0,0.0000,0.0000
mass_0002,voice_assistant_routing,route,0,0.0901,0.0484
mass_0090,voice_assistant_routing,route,0,0.0584,0.0268
mass_0150,voice_assistant_routing,route,0,0.0179,0.0091
mass_0083,voice_assistant_routing,route,1,0.3297,0.2325
mass_0000,voice_assistant_routing,route,0,0.2294,0.1409
mass_0018,voice_assistant_routing,route,1,0.2321,0.4057
mass_0167,voice_assistant_routing,route,0,0.1176,0.1013
mass_0114,voice_assistant_routing,route,0,0.2726,0.1136
mass_0123,voice_assistant_routing,route,0,0.2045,0.1490
mass_0054,voice_assistant_routing,route,0,0.0000,0.0000
mass_0068,voice_assistant_routing,route,0,0.0000,0.0000
mass_0013,voice_assistant_routing,route,0,0.3963,0.1899
mass_0170,voice_assistant_routing,route,0,0.0457,0.0190
mass_0177,voice_assistant_routing,route,0,0.0290,0.0149
mass_0134,voice_assistant_routing,route,0,0.0007,0.0004
mass_0125,voice_assistant_routing,route,0,0.0000,0.0000
mass_0011,voice_assistant_routing,route,0,0.0243,0.0115
mass_0082,voice_assistant_routing,route,0,0.2428,0.1044
mass_0121,voice_assistant_routing,route,0,0.0032,0.0014
mass_0158,voice_assistant_routing,route,1,0.4432,0.3134
mass_0119,voice_assistant_routing,route,0,0.0216,0.0092
mass_0120,voice_assistant_routing,route,0,0.0000,0.0000
mass_0053,voice_assistant_routing,route,0,0.0005,0.0003
mass_0060,voice_assistant_routing,route,0,0.0005,0.0002
mass_0005,voice_assistant_routing,route,0,0.3498,0.1944
mass_0055,voice_assistant_routing,route,0,0.0000,0.0000
mass_0091,voice_assistant_routing,route,0,0.0132,0.0061
mass_0144,voice_assistant_routing,route,0,0.0085,0.0035
mass_0160,voice_assistant_routing,route,0,0.0009,0.0005
mass_0175,voice_assistant_routing,route,0,0.0005,0.0002
mass_0063,voice_assistant_routing,route,0,0.0099,0.0058
mass_0038,voice_assistant_routing,route,0,0.0000,0.0000
mass_0157,voice_assistant_routing,route,0,0.0078,0.0039
mass_0169,voice_assistant_routing,route,0,0.0176,0.0091
mass_0135,voice_assistant_routing,route,0,0.0015,0.0007
mass_0178,voice_assistant_routing,route,0,0.0034,0.0015
mass_0077,voice_assistant_routing,route,0,0.0021,0.0010
mass_0086,voice_assistant_routing,route,0,0.0115,0.0048
mass_0023,voice_assistant_routing,route,1,0.5726,0.4574
mass_0093,voice_assistant_routing,route,0,0.0009,0.0005
mass_0139,voice_assistant_routing,route,0,0.0000,0.0000
mass_0034,voice_assistant_routing,route,1,0.3455,0.3473
mass_0136,voice_assistant_routing,route,0,0.0021,0.0009
mass_0112,voice_assistant_routing,route,1,0.3835,0.3219
mass_0006,voice_assistant_routing,route,0,0.0000,0.0000
mass_0040,voice_assistant_routing,route,0,0.0005,0.0002
mass_0164,voice_assistant_routing,route,0,0.1684,0.1074
mass_0010,voice_assistant_routing,route,0,0.2423,0.1467
mass_0108,voice_assistant_routing,route,0,0.0030,0.0014
mass_0142,voice_assistant_routing,route,0,0.0006,0.0002
mass_0021,voice_assistant_routing,route,1,0.2449,0.3317
mass_0056,voice_assistant_routing,route,0,0.0032,0.0013
mass_0089,voice_assistant_routing,route,0,0.0137,0.0060
mass_0085,voice_assistant_routing,route,0,0.0010,0.0005
mass_0067,voice_assistant_routing,route,1,0.2386,0.3121
mass_0128,voice_assistant_routing,route,0,0.0005,0.0002
mass_0084,voice_assistant_routing,route,0,0.0000,0.0000
mass_0117,voice_assistant_routing,route,0,0.0056,0.0026
mass_0152,voice_assistant_routing,route,0,0.1965,0.1057
mass_0138,voice_assistant_routing,route,0,0.0000,0.0000
mass_0026,voice_assistant_routing,route,0,0.0129,0.0067
mass_0133,voice_assistant_routing,route,0,0.0028,0.0012
mass_0019,voice_assistant_routing,route,1,0.5309,0.4019
mass_0070,voice_assistant_routing,route,0,0.0027,0.0013
mass_0075,voice_assistant_routing,route,0,0.0001,0.0001
mass_0042,voice_assistant_routing,route,0,0.0000,0.0000
mass_0161,voice_assistant_routing,route,0,0.0084,0.0040
mass_0047,voice_assistant_routing,route,0,0.0000,0.0000
mass_0015,voice_assistant_routing,route,0,0.0812,0.0461
mass_0012,voice_assistant_routing,route,0,0.0019,0.0011
mass_0016,voice_assistant_routing,route,1,0.4797,0.3815
mass_0154,voice_assistant_routing,route,0,0.4880,0.2878
mass_0046,voice_assistant_routing,route,0,0.0000,0.0000
mass_0069,voice_assistant_routing,route,0,0.0020,0.0010
mass_0129,voice_assistant_routing,route,0,0.0044,0.0022
mass_0099,voice_assistant_routing,route,1,0.4075,0.3417
mass_0032,voice_assistant_routing,route,0,0.0000,0.0000
mass_0126,voice_assistant_routing,route,0,0.0775,0.0323
mass_0166,voice_assistant_routing,route,0,0.0051,0.0021
mass_0041,voice_assistant_routing,route,0,0.0000,0.0000
mass_0172,voice_assistant_routing,route,0,0.0006,0.0003
mass_0039,voice_assistant_routing,route,0,0.0000,0.0000
mass_0096,voice_assistant_routing,route,0,0.0055,0.0030
mass_0031,voice_assistant_routing,route,0,0.0000,0.0000
mass_0027,voice_assistant_routing,route,0,0.5951,0.3292
mass_0014,voice_assistant_routing,route,0,0.0027,0.0014
mass_0045,voice_assistant_routing,route,0,0.0008,0.0003
mass_0100,voice_assistant_routing,route,0,0.0010,0.0005
mass_0111,voice_assistant_routing,route,0,0.0096,0.0042
mass_0140,voice_assistant_routing,route,1,0.5869,0.3385
mass_0159,voice_assistant_routing,route,0,0.0095,0.0053
mass_0095,voice_assistant_routing,route,0,0.0071,0.0031
mass_0147,voice_assistant_routing,route,0,0.4300,0.1850
mass_0110,voice_assistant_routing,route,0,0.0187,0.0098
mass_0131,voice_assistant_routing,route,1,0.4094,0.3970
mass_0004,voice_assistant_routing,route,1,0.1085,0.1436
mass_0155,voice_assistant_routing,route,0,0.0879,0.0499
mass_0127,voice_assistant_routing,route,0,0.0000,0.0000
mass_0153,voice_assistant_routing,route,0,0.0262,0.0107
mass_0116,voice_assistant_routing,route,0,0.1221,0.0683
mass_0024,voice_assistant_routing,route,0,0.1469,0.0597
mass_0171,voice_assistant_routing,route,0,0.1397,0.0655
mass_0094,voice_assistant_routing,route,0,0.0005,0.0002
mass_0118,voice_assistant_routing,route,0,0.0912,0.0390
mass_0036,voice_assistant_routing,route,0,0.0000,0.0000
mass_0073,voice_assistant_routing,route,0,0.0437,0.0207
mass_0009,voice_assistant_routing,route,0,0.4475,0.2742
syn_cs_0001,ecommerce_cs,route,0,0.0022,0.0011
syn_cs_0002,ecommerce_cs,route,1,0.3771,0.5138
syn_cs_0003,ecommerce_cs,route,0,0.0001,0.0001
syn_cs_0004,ecommerce_cs,route,0,0.0012,0.0006
syn_cs_0005,ecommerce_cs,route,0,0.2617,0.1328
syn_cs_0006,ecommerce_cs,route,0,0.0052,0.0024
syn_cs_0007,ecommerce_cs,route,1,0.0625,0.1730
syn_cs_0008,ecommerce_cs,route,0,0.4277,0.2234
syn_cs_0009,ecommerce_cs,route,1,0.1163,0.1087
syn_cs_0010,ecommerce_cs,route,0,0.0004,0.0002
syn_cs_0011,ecommerce_cs,route,0,0.1625,0.0984
syn_cs_0012,ecommerce_cs,route,0,0.0032,0.0013
syn_cs_0013,ecommerce_cs,route,1,0.5199,0.3286
syn_cs_0014,ecommerce_cs,route,0,0.2916,0.1197
syn_cs_0015,ecommerce_cs,route,0,0.0897,0.0416
syn_cs_0016,ecommerce_cs,route,0,0.2753,0.1478
syn_cs_0017,ecommerce_cs,route,1,0.1793,0.2278
syn_cs_0018,ecommerce_cs,route,0,0.2174,0.0883
syn_cs_0019,ecommerce_cs,route,0,0.2633,0.1869
syn_cs_0020,ecommerce_cs,route,0,0.0000,0.0000
syn_cs_0021,ecommerce_cs,route,1,0.4286,0.2664
syn_cs_0022,ecommerce_cs,route,0,0.0076,0.0046
syn_cs_0023,ecommerce_cs,route,0,0.1101,0.0509
syn_cs_0024,ecommerce_cs,route,0,0.0696,0.0445
syn_cs_0025,ecommerce_cs,route,1,0.3887,0.3598